ID_Transacao,Data,Regional,Vendedor,Categoria,Produto,Valor_Venda
1,01/03/032026,Sudeste,Ana,Eletrodomésticos,Ar Condicionado,2200.0
1,01/03/032026,Sudeste,Ana,Acessórios,Teclado Mecânico,350.0
1,01/03/032026,Sudeste,Ana,Móveis,Painel TV,400.0
2,23/03/032026,Sul,Diego,Eletrodomésticos,Micro-ondas,700.0
2,23/03/032026,Sul,Diego,Móveis,Cadeira Office,800.0
3,07/03/032026,Nordeste,Ana,Acessórios,Mouse Gamer,150.0
3,07/03/032026,Nordeste,Ana,Acessórios,Teclado Mecânico,350.0
4,17/03/032026,Nordeste,Bruno,Eletrodomésticos,Cafeteira,350.0
4,17/03/032026,Nordeste,Bruno,Eletrônicos,Notebook,4500.0
5,26/03/032026,Sul,Elena,Móveis,Sofá 3 Lugares,2100.0
5,26/03/032026,Sul,Elena,Móveis,Painel TV,400.0
5,26/03/032026,Sul,Elena,Eletrodomésticos,Micro-ondas,700.0
6,22/03/032026,Nordeste,Diego,Eletrodomésticos,Airfryer,450.0
6,22/03/032026,Nordeste,Diego,Eletrodomésticos,Micro-ondas,700.0
6,22/03/032026,Nordeste,Diego,Eletrônicos,Smartphone,2500.0
7,07/03/032026,Nordeste,Elena,Móveis,Sofá 3 Lugares,2100.0
7,07/03/032026,Nordeste,Elena,Móveis,Painel TV,400.0
8,24/03/032026,Sul,Carla,Móveis,Sofá 3 Lugares,2100.0
8,24/03/032026,Sul,Carla,Móveis,Painel TV,400.0
8,24/03/032026,Sul,Carla,Eletrônicos,Smartphone,2500.0
9,09/03/032026,Sul,Bruno,Móveis,Sofá 3 Lugares,2100.0
9,09/03/032026,Sul,Bruno,Móveis,Painel TV,400.0
9,09/03/032026,Sul,Bruno,Eletrônicos,Notebook,4500.0
10,10/03/032026,Sul,Ana,Eletrônicos,Monitor 24,1200.0
10,10/03/032026,Sul,Ana,Eletrônicos,Tablet,1800.0
10,10/03/032026,Sul,Ana,Acessórios,Capa Tablet,100.0
11,21/03/032026,Nordeste,Diego,Móveis,Sofá 3 Lugares,2100.0
11,21/03/032026,Nordeste,Diego,Móveis,Painel TV,400.0
12,23/03/032026,Sul,Ana,Eletrônicos,Notebook,4500.0
12,23/03/032026,Sul,Ana,Eletrônicos,Monitor 24,1200.0
13,08/03/032026,Sudeste,Carla,Eletrônicos,Notebook,4500.0
13,08/03/032026,Sudeste,Carla,Eletrônicos,Monitor 24,1200.0
13,08/03/032026,Sudeste,Carla,Móveis,Cadeira Office,800.0
13,08/03/032026,Sudeste,Carla,Acessórios,Fone Bluetooth,200.0
14,10/03/032026,Nordeste,Diego,Eletrônicos,Notebook,4500.0
14,10/03/032026,Nordeste,Diego,Eletrônicos,Monitor 24,1200.0
15,13/03/032026,Sul,Elena,Eletrodomésticos,Airfryer,450.0
15,13/03/032026,Sul,Elena,Eletrodomésticos,Micro-ondas,700.0
15,13/03/032026,Sul,Elena,Móveis,Painel TV,400.0
15,13/03/032026,Sul,Elena,Acessórios,Teclado Mecânico,350.0
16,26/03/032026,Sudeste,Ana,Eletrodomésticos,Airfryer,450.0
16,26/03/032026,Sudeste,Ana,Acessórios,Fone Bluetooth,200.0
16,26/03/032026,Sudeste,Ana,Eletrodomésticos,Micro-ondas,700.0
16,26/03/032026,Sudeste,Ana,Eletrônicos,Tablet,1800.0
17,13/03/032026,Sul,Ana,Móveis,Sofá 3 Lugares,2100.0
17,13/03/032026,Sul,Ana,Móveis,Painel TV,400.0
17,13/03/032026,Sul,Ana,Móveis,Cadeira Office,800.0
17,13/03/032026,Sul,Ana,Acessórios,Fone Bluetooth,200.0
18,02/03/032026,Nordeste,Bruno,Acessórios,Fone Bluetooth,200.0
19,12/03/032026,Nordeste,Ana,Eletrônicos,Smartphone,2500.0
20,12/03/032026,Nordeste,Carla,Eletrônicos,Notebook,4500.0
20,12/03/032026,Nordeste,Carla,Eletrônicos,Monitor 24,1200.0
21,07/03/032026,Sudeste,Diego,Acessórios,Mouse Gamer,150.0
21,07/03/032026,Sudeste,Diego,Eletrodomésticos,Ar Condicionado,2200.0
21,07/03/032026,Sudeste,Diego,Acessórios,Teclado Mecânico,350.0
21,07/03/032026,Sudeste,Diego,Móveis,Cadeira Office,800.0
22,07/03/032026,Sudeste,Diego,Acessórios,Mouse Gamer,150.0
22,07/03/032026,Sudeste,Diego,Acessórios,Teclado Mecânico,350.0
23,15/03/032026,Nordeste,Carla,Acessórios,Mouse Gamer,150.0
23,15/03/032026,Nordeste,Carla,Acessórios,Teclado Mecânico,350.0
24,01/03/032026,Nordeste,Diego,Móveis,Mesa de Jantar,1500.0
25,13/03/032026,Sul,Carla,Acessórios,Fone Bluetooth,200.0
25,13/03/032026,Sul,Carla,Eletrônicos,Smartphone,2500.0
25,13/03/032026,Sul,Carla,Acessórios,Mouse Gamer,150.0
25,13/03/032026,Sul,Carla,Eletrônicos,Monitor 24,1200.0
26,10/03/032026,Sul,Ana,Eletrônicos,Notebook,4500.0
26,10/03/032026,Sul,Ana,Eletrônicos,Monitor 24,1200.0
27,06/03/032026,Sudeste,Diego,Eletrodomésticos,Ar Condicionado,2200.0
27,06/03/032026,Sudeste,Diego,Acessórios,Teclado Mecânico,350.0
27,06/03/032026,Sudeste,Diego,Eletrônicos,Monitor 24,1200.0
28,15/03/032026,Nordeste,Elena,Eletrônicos,Tablet,1800.0
28,15/03/032026,Nordeste,Elena,Acessórios,Capa Tablet,100.0
28,15/03/032026,Nordeste,Elena,Acessórios,Fone Bluetooth,200.0
29,22/03/032026,Nordeste,Carla,Acessórios,Teclado Mecânico,350.0
30,25/03/032026,Nordeste,Ana,Acessórios,Mouse Gamer,150.0
30,25/03/032026,Nordeste,Ana,Acessórios,Teclado Mecânico,350.0
31,25/03/032026,Sudeste,Bruno,Móveis,Sofá 3 Lugares,2100.0
31,25/03/032026,Sudeste,Bruno,Móveis,Painel TV,400.0
32,26/03/032026,Nordeste,Elena,Acessórios,Capa Tablet,100.0
33,19/03/032026,Sul,Ana,Eletrodomésticos,Cafeteira,350.0
34,06/03/032026,Sudeste,Bruno,Móveis,Sofá 3 Lugares,2100.0
34,06/03/032026,Sudeste,Bruno,Móveis,Painel TV,400.0
35,22/03/032026,Sudeste,Bruno,Eletrodomésticos,Ar Condicionado,2200.0
35,22/03/032026,Sudeste,Bruno,Eletrodomésticos,Máquina de Lavar,2900.0
35,22/03/032026,Sudeste,Bruno,Eletrônicos,Tablet,1800.0
36,24/03/032026,Nordeste,Carla,Eletrodomésticos,Airfryer,450.0
36,24/03/032026,Nordeste,Carla,Eletrodomésticos,Micro-ondas,700.0
37,19/03/032026,Sul,Carla,Eletrônicos,Notebook,4500.0
37,19/03/032026,Sul,Carla,Eletrônicos,Monitor 24,1200.0
38,15/03/032026,Sudeste,Bruno,Acessórios,Fone Bluetooth,200.0
39,24/03/032026,Sul,Elena,Eletrodomésticos,Máquina de Lavar,2900.0
39,24/03/032026,Sul,Elena,Móveis,Cadeira Office,800.0
39,24/03/032026,Sul,Elena,Acessórios,Mouse Gamer,150.0
39,24/03/032026,Sul,Elena,Eletrodomésticos,Ar Condicionado,2200.0
40,11/03/032026,Sul,Diego,Móveis,Painel TV,400.0
41,17/03/032026,Nordeste,Bruno,Móveis,Mesa de Jantar,1500.0
41,17/03/032026,Nordeste,Bruno,Eletrodomésticos,Geladeira,3800.0
41,17/03/032026,Nordeste,Bruno,Eletrônicos,Monitor 24,1200.0
42,11/03/032026,Sudeste,Elena,Eletrônicos,Notebook,4500.0
42,11/03/032026,Sudeste,Elena,Eletrônicos,Monitor 24,1200.0
42,11/03/032026,Sudeste,Elena,Acessórios,Fone Bluetooth,200.0
42,11/03/032026,Sudeste,Elena,Eletrodomésticos,Máquina de Lavar,2900.0
43,18/03/032026,Sudeste,Ana,Acessórios,Mouse Gamer,150.0
43,18/03/032026,Sudeste,Ana,Acessórios,Teclado Mecânico,350.0
44,07/03/032026,Sudeste,Diego,Eletrônicos,Monitor 24,1200.0
44,07/03/032026,Sudeste,Diego,Eletrodomésticos,Airfryer,450.0
45,03/03/032026,Sul,Elena,Móveis,Sofá 3 Lugares,2100.0
45,03/03/032026,Sul,Elena,Móveis,Painel TV,400.0
46,20/03/032026,Nordeste,Carla,Móveis,Sofá 3 Lugares,2100.0
46,20/03/032026,Nordeste,Carla,Móveis,Painel TV,400.0
47,22/03/032026,Sudeste,Diego,Eletrônicos,Notebook,4500.0
47,22/03/032026,Sudeste,Diego,Móveis,Painel TV,400.0
47,22/03/032026,Sudeste,Diego,Eletrodomésticos,Micro-ondas,700.0
48,03/03/032026,Nordeste,Ana,Eletrodomésticos,Airfryer,450.0
48,03/03/032026,Nordeste,Ana,Cozinha,Jogo de Panelas,600.0
48,03/03/032026,Nordeste,Ana,Eletrodomésticos,Cafeteira,350.0
49,08/03/032026,Sudeste,Elena,Eletrônicos,Tablet,1800.0
49,08/03/032026,Sudeste,Elena,Acessórios,Capa Tablet,100.0
49,08/03/032026,Sudeste,Elena,Acessórios,Mouse Gamer,150.0
50,25/03/032026,Sudeste,Diego,Eletrônicos,Notebook,4500.0
50,25/03/032026,Sudeste,Diego,Eletrônicos,Monitor 24,1200.0
51,07/03/032026,Sul,Ana,Acessórios,Capa Tablet,100.0
51,07/03/032026,Sul,Ana,Móveis,Cadeira Office,800.0
51,07/03/032026,Sul,Ana,Eletrônicos,Notebook,4500.0
52,19/03/032026,Sudeste,Carla,Eletrodomésticos,Cafeteira,350.0
52,19/03/032026,Sudeste,Carla,Móveis,Mesa de Jantar,1500.0
52,19/03/032026,Sudeste,Carla,Acessórios,Fone Bluetooth,200.0
52,19/03/032026,Sudeste,Carla,Eletrodomésticos,Airfryer,450.0
53,26/03/032026,Sul,Bruno,Eletrônicos,Tablet,1800.0
54,21/03/032026,Nordeste,Diego,Eletrônicos,Notebook,4500.0
54,21/03/032026,Nordeste,Diego,Eletrônicos,Monitor 24,1200.0
54,21/03/032026,Nordeste,Diego,Móveis,Painel TV,400.0
55,22/03/032026,Nordeste,Carla,Eletrodomésticos,Geladeira,3800.0
56,12/03/032026,Sul,Ana,Eletrônicos,Smartphone,2500.0
56,12/03/032026,Sul,Ana,Eletrodomésticos,Máquina de Lavar,2900.0
56,12/03/032026,Sul,Ana,Eletrodomésticos,Cafeteira,350.0
57,04/03/032026,Sudeste,Diego,Eletrônicos,Notebook,4500.0
57,04/03/032026,Sudeste,Diego,Eletrônicos,Monitor 24,1200.0
57,04/03/032026,Sudeste,Diego,Eletrodomésticos,Ar Condicionado,2200.0
57,04/03/032026,Sudeste,Diego,Acessórios,Capa Tablet,100.0
58,22/03/032026,Sul,Carla,Acessórios,Mouse Gamer,150.0
58,22/03/032026,Sul,Carla,Acessórios,Teclado Mecânico,350.0
59,23/03/032026,Sul,Bruno,Cozinha,Jogo de Panelas,600.0
59,23/03/032026,Sul,Bruno,Eletrônicos,Monitor 24,1200.0
60,07/03/032026,Sudeste,Elena,Eletrodomésticos,Airfryer,450.0
60,07/03/032026,Sudeste,Elena,Eletrodomésticos,Micro-ondas,700.0
61,22/03/032026,Sudeste,Ana,Eletrônicos,Tablet,1800.0
61,22/03/032026,Sudeste,Ana,Acessórios,Capa Tablet,100.0
62,25/03/032026,Sudeste,Carla,Acessórios,Mouse Gamer,150.0
62,25/03/032026,Sudeste,Carla,Acessórios,Teclado Mecânico,350.0
62,25/03/032026,Sudeste,Carla,Cozinha,Jogo de Panelas,600.0
62,25/03/032026,Sudeste,Carla,Eletrodomésticos,Geladeira,3800.0
63,26/03/032026,Sudeste,Ana,Eletrodomésticos,Máquina de Lavar,2900.0
63,26/03/032026,Sudeste,Ana,Eletrônicos,Notebook,4500.0
64,04/03/032026,Sul,Carla,Eletrodomésticos,Airfryer,450.0
64,04/03/032026,Sul,Carla,Eletrodomésticos,Micro-ondas,700.0
65,06/03/032026,Nordeste,Bruno,Acessórios,Mouse Gamer,150.0
65,06/03/032026,Nordeste,Bruno,Acessórios,Teclado Mecânico,350.0
66,05/03/032026,Sul,Ana,Eletrônicos,Tablet,1800.0
66,05/03/032026,Sul,Ana,Móveis,Mesa de Jantar,1500.0
67,02/03/032026,Nordeste,Diego,Eletrônicos,Notebook,4500.0
67,02/03/032026,Nordeste,Diego,Eletrônicos,Monitor 24,1200.0
67,02/03/032026,Nordeste,Diego,Eletrodomésticos,Airfryer,450.0
67,02/03/032026,Nordeste,Diego,Móveis,Sofá 3 Lugares,2100.0
68,15/03/032026,Nordeste,Carla,Acessórios,Mouse Gamer,150.0
68,15/03/032026,Nordeste,Carla,Acessórios,Teclado Mecânico,350.0
69,22/03/032026,Sudeste,Diego,Eletrodomésticos,Airfryer,450.0
69,22/03/032026,Sudeste,Diego,Eletrodomésticos,Micro-ondas,700.0
69,22/03/032026,Sudeste,Diego,Eletrodomésticos,Máquina de Lavar,2900.0
69,22/03/032026,Sudeste,Diego,Acessórios,Mouse Gamer,150.0
70,13/03/032026,Sudeste,Carla,Eletrodomésticos,Airfryer,450.0
70,13/03/032026,Sudeste,Carla,Eletrodomésticos,Micro-ondas,700.0
71,22/03/032026,Sul,Bruno,Eletrodomésticos,Airfryer,450.0
71,22/03/032026,Sul,Bruno,Eletrodomésticos,Micro-ondas,700.0
71,22/03/032026,Sul,Bruno,Acessórios,Fone Bluetooth,200.0
71,22/03/032026,Sul,Bruno,Móveis,Cadeira Office,800.0
72,07/03/032026,Sudeste,Ana,Eletrônicos,Notebook,4500.0
72,07/03/032026,Sudeste,Ana,Eletrônicos,Monitor 24,1200.0
73,14/03/032026,Sul,Ana,Eletrodomésticos,Airfryer,450.0
73,14/03/032026,Sul,Ana,Eletrodomésticos,Micro-ondas,700.0
73,14/03/032026,Sul,Ana,Móveis,Painel TV,400.0
73,14/03/032026,Sul,Ana,Acessórios,Capa Tablet,100.0
74,22/03/032026,Sul,Bruno,Eletrônicos,Smartphone,2500.0
74,22/03/032026,Sul,Bruno,Móveis,Cadeira Office,800.0
74,22/03/032026,Sul,Bruno,Acessórios,Capa Tablet,100.0
74,22/03/032026,Sul,Bruno,Móveis,Mesa de Jantar,1500.0
75,12/03/032026,Sudeste,Ana,Acessórios,Mouse Gamer,150.0
75,12/03/032026,Sudeste,Ana,Eletrodomésticos,Micro-ondas,700.0
75,12/03/032026,Sudeste,Ana,Móveis,Painel TV,400.0
76,10/03/032026,Sudeste,Carla,Móveis,Painel TV,400.0
77,24/03/032026,Sul,Diego,Eletrônicos,Tablet,1800.0
77,24/03/032026,Sul,Diego,Acessórios,Capa Tablet,100.0
78,02/03/032026,Nordeste,Elena,Acessórios,Mouse Gamer,150.0
78,02/03/032026,Nordeste,Elena,Acessórios,Teclado Mecânico,350.0
78,02/03/032026,Nordeste,Elena,Eletrodomésticos,Cafeteira,350.0
79,09/03/032026,Sudeste,Diego,Acessórios,Mouse Gamer,150.0
79,09/03/032026,Sudeste,Diego,Acessórios,Teclado Mecânico,350.0
80,26/03/032026,Nordeste,Ana,Eletrodomésticos,Micro-ondas,700.0
81,02/03/032026,Sul,Bruno,Eletrodomésticos,Cafeteira,350.0
81,02/03/032026,Sul,Bruno,Eletrodomésticos,Ar Condicionado,2200.0
81,02/03/032026,Sul,Bruno,Eletrônicos,Notebook,4500.0
82,14/03/032026,Sul,Elena,Eletrônicos,Tablet,1800.0
82,14/03/032026,Sul,Elena,Acessórios,Mouse Gamer,150.0
83,12/03/032026,Sul,Diego,Eletrônicos,Tablet,1800.0
83,12/03/032026,Sul,Diego,Acessórios,Capa Tablet,100.0
83,12/03/032026,Sul,Diego,Eletrodomésticos,Micro-ondas,700.0
84,20/03/032026,Sul,Elena,Eletrônicos,Tablet,1800.0
84,20/03/032026,Sul,Elena,Acessórios,Capa Tablet,100.0
85,08/03/032026,Nordeste,Bruno,Eletrodomésticos,Micro-ondas,700.0
86,04/03/032026,Nordeste,Carla,Eletrônicos,Notebook,4500.0
86,04/03/032026,Nordeste,Carla,Eletrônicos,Monitor 24,1200.0
86,04/03/032026,Nordeste,Carla,Acessórios,Capa Tablet,100.0
87,15/03/032026,Sudeste,Carla,Eletrônicos,Tablet,1800.0
87,15/03/032026,Sudeste,Carla,Acessórios,Capa Tablet,100.0
88,07/03/032026,Sul,Carla,Eletrodomésticos,Airfryer,450.0
88,07/03/032026,Sul,Carla,Eletrodomésticos,Micro-ondas,700.0
88,07/03/032026,Sul,Carla,Eletrônicos,Notebook,4500.0
89,06/03/032026,Sudeste,Bruno,Acessórios,Mouse Gamer,150.0
89,06/03/032026,Sudeste,Bruno,Acessórios,Teclado Mecânico,350.0
89,06/03/032026,Sudeste,Bruno,Eletrônicos,Monitor 24,1200.0
90,22/03/032026,Sudeste,Elena,Móveis,Painel TV,400.0
90,22/03/032026,Sudeste,Elena,Móveis,Mesa de Jantar,1500.0
91,09/03/032026,Nordeste,Ana,Móveis,Sofá 3 Lugares,2100.0
91,09/03/032026,Nordeste,Ana,Móveis,Painel TV,400.0
91,09/03/032026,Nordeste,Ana,Acessórios,Capa Tablet,100.0
92,10/03/032026,Nordeste,Diego,Acessórios,Mouse Gamer,150.0
92,10/03/032026,Nordeste,Diego,Eletrodomésticos,Máquina de Lavar,2900.0
93,23/03/032026,Sudeste,Elena,Eletrônicos,Notebook,4500.0
93,23/03/032026,Sudeste,Elena,Eletrônicos,Monitor 24,1200.0
94,09/03/032026,Sudeste,Diego,Eletrônicos,Notebook,4500.0
94,09/03/032026,Sudeste,Diego,Eletrônicos,Monitor 24,1200.0
94,09/03/032026,Sudeste,Diego,Eletrônicos,Smartphone,2500.0
95,15/03/032026,Sul,Elena,Eletrodomésticos,Airfryer,450.0
95,15/03/032026,Sul,Elena,Eletrodomésticos,Micro-ondas,700.0
96,16/03/032026,Sul,Ana,Eletrodomésticos,Airfryer,450.0
96,16/03/032026,Sul,Ana,Eletrodomésticos,Micro-ondas,700.0
97,14/03/032026,Sudeste,Bruno,Acessórios,Capa Tablet,100.0
97,14/03/032026,Sudeste,Bruno,Móveis,Sofá 3 Lugares,2100.0
97,14/03/032026,Sudeste,Bruno,Eletrônicos,Smartphone,2500.0
98,14/03/032026,Sudeste,Bruno,Móveis,Mesa de Jantar,1500.0
99,12/03/032026,Sudeste,Diego,Eletrônicos,Monitor 24,1200.0
100,16/03/032026,Sul,Diego,Eletrodomésticos,Airfryer,450.0
100,16/03/032026,Sul,Diego,Eletrodomésticos,Micro-ondas,700.0
101,16/03/032026,Nordeste,Ana,Móveis,Sofá 3 Lugares,2100.0
101,16/03/032026,Nordeste,Ana,Móveis,Painel TV,400.0
101,16/03/032026,Nordeste,Ana,Acessórios,Mouse Gamer,150.0
101,16/03/032026,Nordeste,Ana,Acessórios,Fone Bluetooth,200.0
102,20/03/032026,Sudeste,Elena,Móveis,Sofá 3 Lugares,2100.0
102,20/03/032026,Sudeste,Elena,Eletrônicos,Smartphone,2500.0
102,20/03/032026,Sudeste,Elena,Eletrodomésticos,Geladeira,3800.0
103,20/03/032026,Sudeste,Elena,Eletrodomésticos,Ar Condicionado,2200.0
103,20/03/032026,Sudeste,Elena,Eletrodomésticos,Airfryer,450.0
103,20/03/032026,Sudeste,Elena,Eletrodomésticos,Geladeira,3800.0
104,13/03/032026,Sul,Bruno,Acessórios,Mouse Gamer,150.0
104,13/03/032026,Sul,Bruno,Acessórios,Teclado Mecânico,350.0
104,13/03/032026,Sul,Bruno,Eletrônicos,Monitor 24,1200.0
104,13/03/032026,Sul,Bruno,Eletrodomésticos,Cafeteira,350.0
105,15/03/032026,Nordeste,Elena,Eletrônicos,Notebook,4500.0
105,15/03/032026,Nordeste,Elena,Eletrônicos,Monitor 24,1200.0
105,15/03/032026,Nordeste,Elena,Acessórios,Mouse Gamer,150.0
106,06/03/032026,Sudeste,Elena,Acessórios,Mouse Gamer,150.0
106,06/03/032026,Sudeste,Elena,Acessórios,Teclado Mecânico,350.0
107,06/03/032026,Nordeste,Elena,Eletrônicos,Tablet,1800.0
107,06/03/032026,Nordeste,Elena,Acessórios,Capa Tablet,100.0
107,06/03/032026,Nordeste,Elena,Eletrodomésticos,Airfryer,450.0
107,06/03/032026,Nordeste,Elena,Acessórios,Teclado Mecânico,350.0
108,02/03/032026,Sul,Elena,Cozinha,Jogo de Panelas,600.0
108,02/03/032026,Sul,Elena,Eletrodomésticos,Airfryer,450.0
108,02/03/032026,Sul,Elena,Eletrônicos,Smartphone,2500.0
108,02/03/032026,Sul,Elena,Eletrodomésticos,Cafeteira,350.0
109,18/03/032026,Sudeste,Carla,Eletrônicos,Notebook,4500.0
109,18/03/032026,Sudeste,Carla,Eletrônicos,Monitor 24,1200.0
110,18/03/032026,Nordeste,Diego,Eletrônicos,Notebook,4500.0
110,18/03/032026,Nordeste,Diego,Eletrônicos,Monitor 24,1200.0
110,18/03/032026,Nordeste,Diego,Eletrodomésticos,Airfryer,450.0
111,10/03/032026,Sul,Diego,Eletrodomésticos,Geladeira,3800.0
112,21/03/032026,Nordeste,Carla,Eletrodomésticos,Airfryer,450.0
112,21/03/032026,Nordeste,Carla,Eletrodomésticos,Micro-ondas,700.0
113,10/03/032026,Sul,Bruno,Móveis,Sofá 3 Lugares,2100.0
113,10/03/032026,Sul,Bruno,Móveis,Painel TV,400.0
114,15/03/032026,Nordeste,Carla,Acessórios,Mouse Gamer,150.0
114,15/03/032026,Nordeste,Carla,Acessórios,Teclado Mecânico,350.0
115,25/03/032026,Sudeste,Ana,Eletrodomésticos,Airfryer,450.0
115,25/03/032026,Sudeste,Ana,Eletrodomésticos,Micro-ondas,700.0
116,11/03/032026,Sudeste,Ana,Eletrodomésticos,Cafeteira,350.0
117,26/03/032026,Nordeste,Elena,Eletrônicos,Notebook,4500.0
117,26/03/032026,Nordeste,Elena,Eletrônicos,Monitor 24,1200.0
118,20/03/032026,Nordeste,Elena,Eletrodomésticos,Micro-ondas,700.0
119,23/03/032026,Nordeste,Bruno,Eletrodomésticos,Airfryer,450.0
119,23/03/032026,Nordeste,Bruno,Eletrodomésticos,Micro-ondas,700.0
120,04/03/032026,Sul,Bruno,Acessórios,Fone Bluetooth,200.0
120,04/03/032026,Sul,Bruno,Eletrodomésticos,Ar Condicionado,2200.0
121,22/03/032026,Nordeste,Carla,Eletrodomésticos,Geladeira,3800.0
121,22/03/032026,Nordeste,Carla,Móveis,Cadeira Office,800.0
121,22/03/032026,Nordeste,Carla,Eletrônicos,Monitor 24,1200.0
122,03/03/032026,Sudeste,Ana,Eletrônicos,Notebook,4500.0
122,03/03/032026,Sudeste,Ana,Eletrônicos,Monitor 24,1200.0
123,14/03/032026,Sudeste,Elena,Eletrodomésticos,Geladeira,3800.0
124,07/03/032026,Nordeste,Diego,Eletrônicos,Notebook,4500.0
124,07/03/032026,Nordeste,Diego,Eletrônicos,Monitor 24,1200.0
124,07/03/032026,Nordeste,Diego,Móveis,Painel TV,400.0
125,07/03/032026,Nordeste,Elena,Acessórios,Mouse Gamer,150.0
125,07/03/032026,Nordeste,Elena,Acessórios,Teclado Mecânico,350.0
126,03/03/032026,Sudeste,Elena,Eletrônicos,Notebook,4500.0
126,03/03/032026,Sudeste,Elena,Eletrônicos,Monitor 24,1200.0
127,15/03/032026,Nordeste,Ana,Eletrônicos,Tablet,1800.0
127,15/03/032026,Nordeste,Ana,Acessórios,Capa Tablet,100.0
128,08/03/032026,Nordeste,Ana,Eletrodomésticos,Airfryer,450.0
128,08/03/032026,Nordeste,Ana,Eletrodomésticos,Micro-ondas,700.0
128,08/03/032026,Nordeste,Ana,Eletrodomésticos,Cafeteira,350.0
129,13/03/032026,Nordeste,Bruno,Acessórios,Mouse Gamer,150.0
129,13/03/032026,Nordeste,Bruno,Cozinha,Jogo de Panelas,600.0
129,13/03/032026,Nordeste,Bruno,Acessórios,Fone Bluetooth,200.0
130,13/03/032026,Sul,Ana,Acessórios,Fone Bluetooth,200.0
130,13/03/032026,Sul,Ana,Eletrodomésticos,Máquina de Lavar,2900.0
130,13/03/032026,Sul,Ana,Eletrônicos,Smartphone,2500.0
131,08/03/032026,Sul,Elena,Acessórios,Mouse Gamer,150.0
131,08/03/032026,Sul,Elena,Acessórios,Teclado Mecânico,350.0
132,24/03/032026,Sudeste,Ana,Eletrodomésticos,Máquina de Lavar,2900.0
132,24/03/032026,Sudeste,Ana,Acessórios,Teclado Mecânico,350.0
133,19/03/032026,Sul,Carla,Móveis,Cadeira Office,800.0
133,19/03/032026,Sul,Carla,Eletrodomésticos,Máquina de Lavar,2900.0
134,11/03/032026,Nordeste,Ana,Eletrônicos,Tablet,1800.0
134,11/03/032026,Nordeste,Ana,Acessórios,Capa Tablet,100.0
135,19/03/032026,Nordeste,Bruno,Eletrodomésticos,Geladeira,3800.0
135,19/03/032026,Nordeste,Bruno,Eletrônicos,Smartphone,2500.0
136,03/03/032026,Sudeste,Elena,Eletrônicos,Notebook,4500.0
136,03/03/032026,Sudeste,Elena,Eletrônicos,Monitor 24,1200.0
137,04/03/032026,Nordeste,Bruno,Móveis,Sofá 3 Lugares,2100.0
137,04/03/032026,Nordeste,Bruno,Móveis,Painel TV,400.0
138,23/03/032026,Sul,Elena,Eletrodomésticos,Airfryer,450.0
138,23/03/032026,Sul,Elena,Eletrodomésticos,Micro-ondas,700.0
139,21/03/032026,Sudeste,Carla,Móveis,Sofá 3 Lugares,2100.0
139,21/03/032026,Sudeste,Carla,Móveis,Painel TV,400.0
139,21/03/032026,Sudeste,Carla,Acessórios,Mouse Gamer,150.0
139,21/03/032026,Sudeste,Carla,Eletrodomésticos,Micro-ondas,700.0
140,17/03/032026,Sul,Carla,Eletrodomésticos,Airfryer,450.0
140,17/03/032026,Sul,Carla,Eletrodomésticos,Micro-ondas,700.0
140,17/03/032026,Sul,Carla,Acessórios,Fone Bluetooth,200.0
140,17/03/032026,Sul,Carla,Eletrônicos,Tablet,1800.0
141,07/03/032026,Nordeste,Elena,Eletrônicos,Tablet,1800.0
141,07/03/032026,Nordeste,Elena,Acessórios,Capa Tablet,100.0
141,07/03/032026,Nordeste,Elena,Móveis,Sofá 3 Lugares,2100.0
142,17/03/032026,Sul,Carla,Acessórios,Fone Bluetooth,200.0
142,17/03/032026,Sul,Carla,Eletrônicos,Monitor 24,1200.0
143,01/03/032026,Sudeste,Bruno,Acessórios,Teclado Mecânico,350.0
144,23/03/032026,Nordeste,Bruno,Móveis,Cadeira Office,800.0
145,19/03/032026,Nordeste,Ana,Móveis,Sofá 3 Lugares,2100.0
145,19/03/032026,Nordeste,Ana,Móveis,Painel TV,400.0
146,01/03/032026,Nordeste,Carla,Móveis,Sofá 3 Lugares,2100.0
146,01/03/032026,Nordeste,Carla,Eletrodomésticos,Airfryer,450.0
147,21/03/032026,Sul,Carla,Eletrônicos,Notebook,4500.0
148,02/03/032026,Sudeste,Elena,Eletrodomésticos,Geladeira,3800.0
148,02/03/032026,Sudeste,Elena,Eletrodomésticos,Ar Condicionado,2200.0
149,04/03/032026,Sul,Bruno,Acessórios,Mouse Gamer,150.0
149,04/03/032026,Sul,Bruno,Acessórios,Teclado Mecânico,350.0
149,04/03/032026,Sul,Bruno,Eletrodomésticos,Airfryer,450.0
149,04/03/032026,Sul,Bruno,Móveis,Sofá 3 Lugares,2100.0
150,05/03/032026,Sul,Ana,Acessórios,Mouse Gamer,150.0
151,11/03/032026,Nordeste,Ana,Eletrodomésticos,Geladeira,3800.0
151,11/03/032026,Nordeste,Ana,Móveis,Painel TV,400.0
151,11/03/032026,Nordeste,Ana,Eletrodomésticos,Ar Condicionado,2200.0
152,16/03/032026,Sul,Diego,Móveis,Painel TV,400.0
152,16/03/032026,Sul,Diego,Eletrodomésticos,Micro-ondas,700.0
152,16/03/032026,Sul,Diego,Eletrônicos,Smartphone,2500.0
153,24/03/032026,Nordeste,Ana,Móveis,Sofá 3 Lugares,2100.0
153,24/03/032026,Nordeste,Ana,Móveis,Painel TV,400.0
154,18/03/032026,Sudeste,Carla,Eletrônicos,Tablet,1800.0
154,18/03/032026,Sudeste,Carla,Acessórios,Teclado Mecânico,350.0
155,08/03/032026,Sudeste,Elena,Acessórios,Mouse Gamer,150.0
155,08/03/032026,Sudeste,Elena,Acessórios,Teclado Mecânico,350.0
155,08/03/032026,Sudeste,Elena,Acessórios,Capa Tablet,100.0
156,10/03/032026,Nordeste,Elena,Móveis,Sofá 3 Lugares,2100.0
156,10/03/032026,Nordeste,Elena,Móveis,Painel TV,400.0
156,10/03/032026,Nordeste,Elena,Acessórios,Capa Tablet,100.0
156,10/03/032026,Nordeste,Elena,Eletrodomésticos,Airfryer,450.0
157,12/03/032026,Nordeste,Elena,Acessórios,Fone Bluetooth,200.0
157,12/03/032026,Nordeste,Elena,Móveis,Painel TV,400.0
158,13/03/032026,Sul,Diego,Eletrodomésticos,Máquina de Lavar,2900.0
158,13/03/032026,Sul,Diego,Móveis,Cadeira Office,800.0
159,01/03/032026,Sul,Carla,Móveis,Mesa de Jantar,1500.0
159,01/03/032026,Sul,Carla,Eletrodomésticos,Ar Condicionado,2200.0
160,05/03/032026,Sudeste,Ana,Eletrodomésticos,Airfryer,450.0
160,05/03/032026,Sudeste,Ana,Eletrodomésticos,Micro-ondas,700.0
160,05/03/032026,Sudeste,Ana,Acessórios,Teclado Mecânico,350.0
160,05/03/032026,Sudeste,Ana,Acessórios,Capa Tablet,100.0
161,19/03/032026,Sudeste,Carla,Acessórios,Mouse Gamer,150.0
161,19/03/032026,Sudeste,Carla,Acessórios,Teclado Mecânico,350.0
162,08/03/032026,Sul,Ana,Eletrônicos,Tablet,1800.0
162,08/03/032026,Sul,Ana,Acessórios,Capa Tablet,100.0
162,08/03/032026,Sul,Ana,Móveis,Painel TV,400.0
163,10/03/032026,Sul,Elena,Cozinha,Jogo de Panelas,600.0
164,26/03/032026,Sul,Bruno,Eletrônicos,Smartphone,2500.0
165,06/03/032026,Nordeste,Diego,Acessórios,Fone Bluetooth,200.0
165,06/03/032026,Nordeste,Diego,Cozinha,Jogo de Panelas,600.0
165,06/03/032026,Nordeste,Diego,Eletrônicos,Tablet,1800.0
165,06/03/032026,Nordeste,Diego,Acessórios,Mouse Gamer,150.0
166,10/03/032026,Sul,Ana,Eletrônicos,Monitor 24,1200.0
166,10/03/032026,Sul,Ana,Eletrônicos,Notebook,4500.0
166,10/03/032026,Sul,Ana,Acessórios,Mouse Gamer,150.0
167,25/03/032026,Nordeste,Bruno,Eletrônicos,Tablet,1800.0
167,25/03/032026,Nordeste,Bruno,Acessórios,Capa Tablet,100.0
168,09/03/032026,Nordeste,Carla,Eletrônicos,Notebook,4500.0
168,09/03/032026,Nordeste,Carla,Eletrônicos,Monitor 24,1200.0
169,21/03/032026,Sul,Carla,Eletrônicos,Notebook,4500.0
169,21/03/032026,Sul,Carla,Móveis,Sofá 3 Lugares,2100.0
169,21/03/032026,Sul,Carla,Eletrônicos,Tablet,1800.0
169,21/03/032026,Sul,Carla,Eletrodomésticos,Máquina de Lavar,2900.0
170,09/03/032026,Sul,Elena,Eletrônicos,Monitor 24,1200.0
171,15/03/032026,Sudeste,Carla,Eletrodomésticos,Airfryer,450.0
171,15/03/032026,Sudeste,Carla,Eletrodomésticos,Micro-ondas,700.0
172,07/03/032026,Sudeste,Carla,Acessórios,Mouse Gamer,150.0
172,07/03/032026,Sudeste,Carla,Acessórios,Teclado Mecânico,350.0
172,07/03/032026,Sudeste,Carla,Móveis,Cadeira Office,800.0
173,09/03/032026,Nordeste,Bruno,Eletrodomésticos,Ar Condicionado,2200.0
174,01/03/032026,Nordeste,Elena,Acessórios,Mouse Gamer,150.0
174,01/03/032026,Nordeste,Elena,Acessórios,Teclado Mecânico,350.0
174,01/03/032026,Nordeste,Elena,Eletrônicos,Monitor 24,1200.0
174,01/03/032026,Nordeste,Elena,Eletrônicos,Notebook,4500.0
175,21/03/032026,Sudeste,Bruno,Eletrodomésticos,Micro-ondas,700.0
175,21/03/032026,Sudeste,Bruno,Eletrônicos,Tablet,1800.0
175,21/03/032026,Sudeste,Bruno,Móveis,Painel TV,400.0
176,09/03/032026,Nordeste,Ana,Acessórios,Mouse Gamer,150.0
176,09/03/032026,Nordeste,Ana,Acessórios,Teclado Mecânico,350.0
176,09/03/032026,Nordeste,Ana,Eletrônicos,Notebook,4500.0
176,09/03/032026,Nordeste,Ana,Móveis,Cadeira Office,800.0
177,14/03/032026,Sul,Bruno,Eletrônicos,Notebook,4500.0
177,14/03/032026,Sul,Bruno,Eletrônicos,Monitor 24,1200.0
177,14/03/032026,Sul,Bruno,Eletrodomésticos,Airfryer,450.0
178,12/03/032026,Sul,Ana,Acessórios,Teclado Mecânico,350.0
178,12/03/032026,Sul,Ana,Eletrodomésticos,Airfryer,450.0
179,08/03/032026,Sul,Bruno,Eletrodomésticos,Máquina de Lavar,2900.0
179,08/03/032026,Sul,Bruno,Acessórios,Teclado Mecânico,350.0
180,14/03/032026,Sudeste,Elena,Móveis,Mesa de Jantar,1500.0
180,14/03/032026,Sudeste,Elena,Móveis,Painel TV,400.0
181,18/03/032026,Sudeste,Carla,Eletrônicos,Notebook,4500.0
181,18/03/032026,Sudeste,Carla,Eletrônicos,Monitor 24,1200.0
181,18/03/032026,Sudeste,Carla,Eletrodomésticos,Micro-ondas,700.0
182,24/03/032026,Sudeste,Ana,Acessórios,Mouse Gamer,150.0
182,24/03/032026,Sudeste,Ana,Acessórios,Teclado Mecânico,350.0
183,03/03/032026,Sudeste,Diego,Eletrônicos,Notebook,4500.0
183,03/03/032026,Sudeste,Diego,Eletrônicos,Monitor 24,1200.0
183,03/03/032026,Sudeste,Diego,Eletrodomésticos,Airfryer,450.0
183,03/03/032026,Sudeste,Diego,Eletrônicos,Tablet,1800.0
184,18/03/032026,Nordeste,Diego,Acessórios,Mouse Gamer,150.0
184,18/03/032026,Nordeste,Diego,Acessórios,Teclado Mecânico,350.0
185,02/03/032026,Nordeste,Diego,Eletrônicos,Tablet,1800.0
185,02/03/032026,Nordeste,Diego,Acessórios,Fone Bluetooth,200.0
185,02/03/032026,Nordeste,Diego,Eletrônicos,Monitor 24,1200.0
186,02/03/032026,Sudeste,Elena,Móveis,Mesa de Jantar,1500.0
186,02/03/032026,Sudeste,Elena,Móveis,Painel TV,400.0
187,21/03/032026,Sudeste,Ana,Eletrodomésticos,Airfryer,450.0
187,21/03/032026,Sudeste,Ana,Eletrodomésticos,Máquina de Lavar,2900.0
187,21/03/032026,Sudeste,Ana,Acessórios,Teclado Mecânico,350.0
188,03/03/032026,Nordeste,Ana,Móveis,Sofá 3 Lugares,2100.0
188,03/03/032026,Nordeste,Ana,Móveis,Painel TV,400.0
189,14/03/032026,Sul,Bruno,Cozinha,Jogo de Panelas,600.0
190,04/03/032026,Nordeste,Bruno,Acessórios,Capa Tablet,100.0
190,04/03/032026,Nordeste,Bruno,Eletrodomésticos,Ar Condicionado,2200.0
191,03/03/032026,Sudeste,Carla,Eletrônicos,Notebook,4500.0
191,03/03/032026,Sudeste,Carla,Acessórios,Fone Bluetooth,200.0
191,03/03/032026,Sudeste,Carla,Eletrônicos,Tablet,1800.0
191,03/03/032026,Sudeste,Carla,Eletrônicos,Smartphone,2500.0
192,26/03/032026,Nordeste,Diego,Eletrodomésticos,Airfryer,450.0
192,26/03/032026,Nordeste,Diego,Eletrodomésticos,Micro-ondas,700.0
192,26/03/032026,Nordeste,Diego,Eletrônicos,Notebook,4500.0
193,21/03/032026,Sul,Diego,Móveis,Sofá 3 Lugares,2100.0
193,21/03/032026,Sul,Diego,Móveis,Painel TV,400.0
194,14/03/032026,Sudeste,Elena,Eletrônicos,Notebook,4500.0
194,14/03/032026,Sudeste,Elena,Eletrodomésticos,Máquina de Lavar,2900.0
194,14/03/032026,Sudeste,Elena,Cozinha,Jogo de Panelas,600.0
194,14/03/032026,Sudeste,Elena,Eletrodomésticos,Micro-ondas,700.0
195,09/03/032026,Sul,Diego,Móveis,Sofá 3 Lugares,2100.0
195,09/03/032026,Sul,Diego,Móveis,Painel TV,400.0
196,03/03/032026,Sul,Bruno,Cozinha,Jogo de Panelas,600.0
196,03/03/032026,Sul,Bruno,Eletrodomésticos,Geladeira,3800.0
197,16/03/032026,Sudeste,Ana,Eletrônicos,Notebook,4500.0
198,09/03/032026,Nordeste,Ana,Eletrodomésticos,Airfryer,450.0
198,09/03/032026,Nordeste,Ana,Eletrodomésticos,Micro-ondas,700.0
198,09/03/032026,Nordeste,Ana,Cozinha,Jogo de Panelas,600.0
199,21/03/032026,Nordeste,Carla,Móveis,Cadeira Office,800.0
199,21/03/032026,Nordeste,Carla,Acessórios,Teclado Mecânico,350.0
199,21/03/032026,Nordeste,Carla,Eletrodomésticos,Geladeira,3800.0
200,24/03/032026,Nordeste,Diego,Móveis,Sofá 3 Lugares,2100.0
200,24/03/032026,Nordeste,Diego,Móveis,Painel TV,400.0
201,02/03/032026,Nordeste,Carla,Acessórios,Mouse Gamer,150.0
201,02/03/032026,Nordeste,Carla,Acessórios,Teclado Mecânico,350.0
201,02/03/032026,Nordeste,Carla,Móveis,Sofá 3 Lugares,2100.0
201,02/03/032026,Nordeste,Carla,Móveis,Painel TV,400.0
202,24/03/032026,Nordeste,Ana,Eletrônicos,Notebook,4500.0
202,24/03/032026,Nordeste,Ana,Eletrônicos,Monitor 24,1200.0
202,24/03/032026,Nordeste,Ana,Móveis,Cadeira Office,800.0
203,05/03/032026,Sul,Carla,Móveis,Sofá 3 Lugares,2100.0
203,05/03/032026,Sul,Carla,Eletrodomésticos,Micro-ondas,700.0
203,05/03/032026,Sul,Carla,Móveis,Painel TV,400.0
203,05/03/032026,Sul,Carla,Eletrônicos,Monitor 24,1200.0
204,02/03/032026,Sul,Carla,Eletrônicos,Notebook,4500.0
204,02/03/032026,Sul,Carla,Eletrônicos,Monitor 24,1200.0
204,02/03/032026,Sul,Carla,Acessórios,Fone Bluetooth,200.0
204,02/03/032026,Sul,Carla,Eletrodomésticos,Ar Condicionado,2200.0
205,19/03/032026,Sudeste,Carla,Eletrônicos,Tablet,1800.0
205,19/03/032026,Sudeste,Carla,Acessórios,Capa Tablet,100.0
205,19/03/032026,Sudeste,Carla,Móveis,Cadeira Office,800.0
206,19/03/032026,Nordeste,Bruno,Móveis,Sofá 3 Lugares,2100.0
206,19/03/032026,Nordeste,Bruno,Móveis,Painel TV,400.0
206,19/03/032026,Nordeste,Bruno,Eletrodomésticos,Ar Condicionado,2200.0
207,14/03/032026,Nordeste,Carla,Eletrodomésticos,Micro-ondas,700.0
207,14/03/032026,Nordeste,Carla,Acessórios,Mouse Gamer,150.0
207,14/03/032026,Nordeste,Carla,Eletrodomésticos,Airfryer,450.0
208,05/03/032026,Sul,Elena,Cozinha,Jogo de Panelas,600.0
209,03/03/032026,Sul,Carla,Móveis,Sofá 3 Lugares,2100.0
209,03/03/032026,Sul,Carla,Móveis,Painel TV,400.0
210,13/03/032026,Nordeste,Bruno,Acessórios,Mouse Gamer,150.0
210,13/03/032026,Nordeste,Bruno,Acessórios,Teclado Mecânico,350.0
210,13/03/032026,Nordeste,Bruno,Cozinha,Jogo de Panelas,600.0
211,11/03/032026,Nordeste,Diego,Eletrônicos,Notebook,4500.0
211,11/03/032026,Nordeste,Diego,Eletrônicos,Monitor 24,1200.0
212,09/03/032026,Nordeste,Carla,Eletrônicos,Tablet,1800.0
212,09/03/032026,Nordeste,Carla,Acessórios,Capa Tablet,100.0
213,11/03/032026,Sul,Carla,Móveis,Sofá 3 Lugares,2100.0
213,11/03/032026,Sul,Carla,Eletrônicos,Smartphone,2500.0
213,11/03/032026,Sul,Carla,Eletrodomésticos,Cafeteira,350.0
214,18/03/032026,Sudeste,Diego,Móveis,Sofá 3 Lugares,2100.0
214,18/03/032026,Sudeste,Diego,Móveis,Painel TV,400.0
215,10/03/032026,Sudeste,Carla,Acessórios,Capa Tablet,100.0
215,10/03/032026,Sudeste,Carla,Eletrodomésticos,Máquina de Lavar,2900.0
216,11/03/032026,Sul,Diego,Eletrodomésticos,Ar Condicionado,2200.0
217,04/03/032026,Sul,Bruno,Móveis,Mesa de Jantar,1500.0
217,04/03/032026,Sul,Bruno,Eletrônicos,Smartphone,2500.0
218,09/03/032026,Sul,Bruno,Acessórios,Mouse Gamer,150.0
218,09/03/032026,Sul,Bruno,Acessórios,Teclado Mecânico,350.0
219,04/03/032026,Sudeste,Bruno,Eletrodomésticos,Airfryer,450.0
219,04/03/032026,Sudeste,Bruno,Eletrodomésticos,Micro-ondas,700.0
220,17/03/032026,Sul,Carla,Eletrônicos,Tablet,1800.0
220,17/03/032026,Sul,Carla,Acessórios,Capa Tablet,100.0
220,17/03/032026,Sul,Carla,Móveis,Cadeira Office,800.0
221,21/03/032026,Nordeste,Carla,Eletrônicos,Notebook,4500.0
221,21/03/032026,Nordeste,Carla,Eletrônicos,Monitor 24,1200.0
222,25/03/032026,Sul,Diego,Acessórios,Mouse Gamer,150.0
222,25/03/032026,Sul,Diego,Eletrodomésticos,Geladeira,3800.0
223,17/03/032026,Nordeste,Bruno,Móveis,Mesa de Jantar,1500.0
223,17/03/032026,Nordeste,Bruno,Eletrodomésticos,Geladeira,3800.0
224,07/03/032026,Sudeste,Elena,Eletrônicos,Notebook,4500.0
224,07/03/032026,Sudeste,Elena,Eletrônicos,Monitor 24,1200.0
224,07/03/032026,Sudeste,Elena,Móveis,Mesa de Jantar,1500.0
225,16/03/032026,Sul,Diego,Eletrodomésticos,Airfryer,450.0
225,16/03/032026,Sul,Diego,Eletrodomésticos,Micro-ondas,700.0
225,16/03/032026,Sul,Diego,Eletrônicos,Smartphone,2500.0
226,14/03/032026,Nordeste,Bruno,Eletrônicos,Tablet,1800.0
226,14/03/032026,Nordeste,Bruno,Acessórios,Capa Tablet,100.0
226,14/03/032026,Nordeste,Bruno,Eletrodomésticos,Máquina de Lavar,2900.0
227,09/03/032026,Sul,Carla,Móveis,Sofá 3 Lugares,2100.0
227,09/03/032026,Sul,Carla,Móveis,Painel TV,400.0
227,09/03/032026,Sul,Carla,Eletrodomésticos,Geladeira,3800.0
228,15/03/032026,Sudeste,Bruno,Móveis,Sofá 3 Lugares,2100.0
228,15/03/032026,Sudeste,Bruno,Móveis,Painel TV,400.0
228,15/03/032026,Sudeste,Bruno,Acessórios,Fone Bluetooth,200.0
228,15/03/032026,Sudeste,Bruno,Eletrônicos,Monitor 24,1200.0
229,22/03/032026,Nordeste,Bruno,Eletrodomésticos,Micro-ondas,700.0
230,08/03/032026,Sul,Ana,Acessórios,Fone Bluetooth,200.0
230,08/03/032026,Sul,Ana,Móveis,Painel TV,400.0
230,08/03/032026,Sul,Ana,Eletrônicos,Smartphone,2500.0
230,08/03/032026,Sul,Ana,Acessórios,Mouse Gamer,150.0
231,12/03/032026,Nordeste,Carla,Eletrodomésticos,Micro-ondas,700.0
231,12/03/032026,Nordeste,Carla,Eletrodomésticos,Ar Condicionado,2200.0
231,12/03/032026,Nordeste,Carla,Acessórios,Teclado Mecânico,350.0
231,12/03/032026,Nordeste,Carla,Móveis,Cadeira Office,800.0
232,11/03/032026,Nordeste,Diego,Eletrodomésticos,Ar Condicionado,2200.0
233,25/03/032026,Nordeste,Elena,Eletrônicos,Notebook,4500.0
233,25/03/032026,Nordeste,Elena,Eletrônicos,Monitor 24,1200.0
234,19/03/032026,Nordeste,Carla,Eletrônicos,Notebook,4500.0
234,19/03/032026,Nordeste,Carla,Móveis,Sofá 3 Lugares,2100.0
234,19/03/032026,Nordeste,Carla,Acessórios,Capa Tablet,100.0
235,10/03/032026,Sudeste,Diego,Eletrônicos,Tablet,1800.0
235,10/03/032026,Sudeste,Diego,Móveis,Mesa de Jantar,1500.0
235,10/03/032026,Sudeste,Diego,Cozinha,Jogo de Panelas,600.0
236,07/03/032026,Sudeste,Diego,Eletrodomésticos,Micro-ondas,700.0
237,08/03/032026,Sul,Diego,Eletrônicos,Tablet,1800.0
237,08/03/032026,Sul,Diego,Acessórios,Capa Tablet,100.0
237,08/03/032026,Sul,Diego,Acessórios,Mouse Gamer,150.0
237,08/03/032026,Sul,Diego,Móveis,Painel TV,400.0
238,13/03/032026,Sudeste,Bruno,Eletrodomésticos,Airfryer,450.0
238,13/03/032026,Sudeste,Bruno,Eletrodomésticos,Micro-ondas,700.0
239,24/03/032026,Nordeste,Diego,Eletrodomésticos,Geladeira,3800.0
239,24/03/032026,Nordeste,Diego,Cozinha,Jogo de Panelas,600.0
240,22/03/032026,Sul,Bruno,Eletrônicos,Notebook,4500.0
240,22/03/032026,Sul,Bruno,Eletrônicos,Monitor 24,1200.0
241,01/03/032026,Nordeste,Bruno,Eletrônicos,Notebook,4500.0
241,01/03/032026,Nordeste,Bruno,Eletrônicos,Monitor 24,1200.0
242,13/03/032026,Sul,Ana,Móveis,Painel TV,400.0
242,13/03/032026,Sul,Ana,Acessórios,Teclado Mecânico,350.0
243,02/03/032026,Sudeste,Bruno,Acessórios,Mouse Gamer,150.0
243,02/03/032026,Sudeste,Bruno,Acessórios,Teclado Mecânico,350.0
243,02/03/032026,Sudeste,Bruno,Acessórios,Capa Tablet,100.0
244,17/03/032026,Nordeste,Carla,Eletrônicos,Notebook,4500.0
244,17/03/032026,Nordeste,Carla,Acessórios,Fone Bluetooth,200.0
245,23/03/032026,Nordeste,Ana,Eletrônicos,Tablet,1800.0
245,23/03/032026,Nordeste,Ana,Acessórios,Capa Tablet,100.0
245,23/03/032026,Nordeste,Ana,Móveis,Cadeira Office,800.0
245,23/03/032026,Nordeste,Ana,Acessórios,Teclado Mecânico,350.0
246,04/03/032026,Sul,Bruno,Móveis,Sofá 3 Lugares,2100.0
246,04/03/032026,Sul,Bruno,Móveis,Painel TV,400.0
246,04/03/032026,Sul,Bruno,Cozinha,Jogo de Panelas,600.0
247,16/03/032026,Nordeste,Carla,Móveis,Sofá 3 Lugares,2100.0
247,16/03/032026,Nordeste,Carla,Móveis,Painel TV,400.0
247,16/03/032026,Nordeste,Carla,Eletrodomésticos,Ar Condicionado,2200.0
248,01/03/032026,Nordeste,Elena,Eletrônicos,Tablet,1800.0
248,01/03/032026,Nordeste,Elena,Acessórios,Capa Tablet,100.0
249,04/03/032026,Nordeste,Diego,Móveis,Mesa de Jantar,1500.0
249,04/03/032026,Nordeste,Diego,Eletrônicos,Monitor 24,1200.0
250,08/03/032026,Nordeste,Bruno,Móveis,Sofá 3 Lugares,2100.0
250,08/03/032026,Nordeste,Bruno,Móveis,Painel TV,400.0
251,01/03/032026,Sul,Bruno,Móveis,Cadeira Office,800.0
251,01/03/032026,Sul,Bruno,Eletrodomésticos,Ar Condicionado,2200.0
252,06/03/032026,Sul,Ana,Móveis,Sofá 3 Lugares,2100.0
252,06/03/032026,Sul,Ana,Móveis,Painel TV,400.0
253,02/03/032026,Sudeste,Bruno,Eletrônicos,Notebook,4500.0
253,02/03/032026,Sudeste,Bruno,Eletrodomésticos,Máquina de Lavar,2900.0
253,02/03/032026,Sudeste,Bruno,Acessórios,Fone Bluetooth,200.0
253,02/03/032026,Sudeste,Bruno,Eletrônicos,Tablet,1800.0
254,06/03/032026,Sul,Elena,Eletrodomésticos,Airfryer,450.0
254,06/03/032026,Sul,Elena,Eletrodomésticos,Geladeira,3800.0
255,16/03/032026,Sul,Ana,Eletrônicos,Notebook,4500.0
255,16/03/032026,Sul,Ana,Eletrônicos,Monitor 24,1200.0
255,16/03/032026,Sul,Ana,Eletrodomésticos,Airfryer,450.0
256,26/03/032026,Nordeste,Diego,Eletrodomésticos,Airfryer,450.0
256,26/03/032026,Nordeste,Diego,Eletrônicos,Tablet,1800.0
256,26/03/032026,Nordeste,Diego,Móveis,Cadeira Office,800.0
257,20/03/032026,Nordeste,Elena,Móveis,Painel TV,400.0
257,20/03/032026,Nordeste,Elena,Eletrodomésticos,Máquina de Lavar,2900.0
257,20/03/032026,Nordeste,Elena,Eletrônicos,Smartphone,2500.0
257,20/03/032026,Nordeste,Elena,Eletrodomésticos,Cafeteira,350.0
258,05/03/032026,Sudeste,Carla,Móveis,Sofá 3 Lugares,2100.0
258,05/03/032026,Sudeste,Carla,Móveis,Painel TV,400.0
259,16/03/032026,Nordeste,Diego,Eletrodomésticos,Airfryer,450.0
259,16/03/032026,Nordeste,Diego,Eletrodomésticos,Micro-ondas,700.0
260,18/03/032026,Sudeste,Diego,Cozinha,Jogo de Panelas,600.0
260,18/03/032026,Sudeste,Diego,Eletrodomésticos,Airfryer,450.0
260,18/03/032026,Sudeste,Diego,Móveis,Painel TV,400.0
261,15/03/032026,Sudeste,Carla,Acessórios,Mouse Gamer,150.0
261,15/03/032026,Sudeste,Carla,Acessórios,Teclado Mecânico,350.0
261,15/03/032026,Sudeste,Carla,Eletrônicos,Smartphone,2500.0
262,26/03/032026,Sul,Bruno,Eletrônicos,Tablet,1800.0
262,26/03/032026,Sul,Bruno,Acessórios,Capa Tablet,100.0
263,05/03/032026,Nordeste,Ana,Cozinha,Jogo de Panelas,600.0
263,05/03/032026,Nordeste,Ana,Acessórios,Capa Tablet,100.0
263,05/03/032026,Nordeste,Ana,Acessórios,Teclado Mecânico,350.0
264,05/03/032026,Sudeste,Ana,Eletrodomésticos,Máquina de Lavar,2900.0
265,03/03/032026,Nordeste,Diego,Móveis,Sofá 3 Lugares,2100.0
265,03/03/032026,Nordeste,Diego,Acessórios,Teclado Mecânico,350.0
266,12/03/032026,Sudeste,Diego,Eletrodomésticos,Airfryer,450.0
266,12/03/032026,Sudeste,Diego,Eletrodomésticos,Micro-ondas,700.0
267,12/03/032026,Sudeste,Diego,Eletrodomésticos,Airfryer,450.0
267,12/03/032026,Sudeste,Diego,Eletrodomésticos,Micro-ondas,700.0
268,20/03/032026,Sudeste,Carla,Móveis,Sofá 3 Lugares,2100.0
268,20/03/032026,Sudeste,Carla,Móveis,Painel TV,400.0
268,20/03/032026,Sudeste,Carla,Cozinha,Jogo de Panelas,600.0
269,01/03/032026,Sudeste,Diego,Eletrodomésticos,Airfryer,450.0
269,01/03/032026,Sudeste,Diego,Acessórios,Fone Bluetooth,200.0
270,09/03/032026,Nordeste,Bruno,Acessórios,Mouse Gamer,150.0
270,09/03/032026,Nordeste,Bruno,Acessórios,Teclado Mecânico,350.0
271,19/03/032026,Sul,Carla,Eletrônicos,Notebook,4500.0
271,19/03/032026,Sul,Carla,Eletrônicos,Monitor 24,1200.0
271,19/03/032026,Sul,Carla,Acessórios,Capa Tablet,100.0
272,16/03/032026,Sudeste,Bruno,Eletrodomésticos,Airfryer,450.0
272,16/03/032026,Sudeste,Bruno,Eletrodomésticos,Micro-ondas,700.0
272,16/03/032026,Sudeste,Bruno,Acessórios,Fone Bluetooth,200.0
273,06/03/032026,Sul,Ana,Móveis,Sofá 3 Lugares,2100.0
273,06/03/032026,Sul,Ana,Móveis,Painel TV,400.0
274,14/03/032026,Sudeste,Ana,Acessórios,Teclado Mecânico,350.0
274,14/03/032026,Sudeste,Ana,Eletrodomésticos,Airfryer,450.0
274,14/03/032026,Sudeste,Ana,Eletrodomésticos,Ar Condicionado,2200.0
274,14/03/032026,Sudeste,Ana,Móveis,Painel TV,400.0
275,07/03/032026,Sudeste,Ana,Eletrônicos,Tablet,1800.0
275,07/03/032026,Sudeste,Ana,Acessórios,Capa Tablet,100.0
275,07/03/032026,Sudeste,Ana,Acessórios,Fone Bluetooth,200.0
276,17/03/032026,Sudeste,Carla,Eletrodomésticos,Airfryer,450.0
276,17/03/032026,Sudeste,Carla,Acessórios,Teclado Mecânico,350.0
276,17/03/032026,Sudeste,Carla,Eletrodomésticos,Máquina de Lavar,2900.0
276,17/03/032026,Sudeste,Carla,Móveis,Painel TV,400.0
277,08/03/032026,Sudeste,Ana,Móveis,Sofá 3 Lugares,2100.0
277,08/03/032026,Sudeste,Ana,Móveis,Painel TV,400.0
278,17/03/032026,Nordeste,Carla,Acessórios,Mouse Gamer,150.0
279,25/03/032026,Sul,Bruno,Eletrodomésticos,Máquina de Lavar,2900.0
280,16/03/032026,Nordeste,Carla,Eletrodomésticos,Airfryer,450.0
281,15/03/032026,Nordeste,Elena,Eletrônicos,Notebook,4500.0
281,15/03/032026,Nordeste,Elena,Eletrodomésticos,Geladeira,3800.0
281,15/03/032026,Nordeste,Elena,Eletrodomésticos,Ar Condicionado,2200.0
281,15/03/032026,Nordeste,Elena,Eletrodomésticos,Micro-ondas,700.0
282,13/03/032026,Sudeste,Carla,Eletrodomésticos,Airfryer,450.0
282,13/03/032026,Sudeste,Carla,Eletrodomésticos,Micro-ondas,700.0
282,13/03/032026,Sudeste,Carla,Cozinha,Jogo de Panelas,600.0
283,10/03/032026,Sudeste,Elena,Eletrodomésticos,Geladeira,3800.0
284,19/03/032026,Sul,Elena,Móveis,Sofá 3 Lugares,2100.0
284,19/03/032026,Sul,Elena,Móveis,Painel TV,400.0
285,25/03/032026,Sul,Bruno,Eletrodomésticos,Airfryer,450.0
285,25/03/032026,Sul,Bruno,Eletrodomésticos,Micro-ondas,700.0
286,13/03/032026,Sul,Carla,Eletrodomésticos,Airfryer,450.0
286,13/03/032026,Sul,Carla,Eletrônicos,Notebook,4500.0
287,01/03/032026,Sudeste,Ana,Móveis,Sofá 3 Lugares,2100.0
287,01/03/032026,Sudeste,Ana,Móveis,Painel TV,400.0
287,01/03/032026,Sudeste,Ana,Eletrodomésticos,Micro-ondas,700.0
288,02/03/032026,Nordeste,Bruno,Eletrônicos,Tablet,1800.0
288,02/03/032026,Nordeste,Bruno,Acessórios,Capa Tablet,100.0
288,02/03/032026,Nordeste,Bruno,Móveis,Mesa de Jantar,1500.0
289,01/03/032026,Sul,Bruno,Eletrônicos,Notebook,4500.0
289,01/03/032026,Sul,Bruno,Eletrônicos,Monitor 24,1200.0
290,05/03/032026,Nordeste,Carla,Eletrônicos,Notebook,4500.0
290,05/03/032026,Nordeste,Carla,Eletrônicos,Monitor 24,1200.0
290,05/03/032026,Nordeste,Carla,Eletrônicos,Smartphone,2500.0
291,21/03/032026,Sudeste,Carla,Acessórios,Capa Tablet,100.0
291,21/03/032026,Sudeste,Carla,Eletrodomésticos,Ar Condicionado,2200.0
291,21/03/032026,Sudeste,Carla,Eletrodomésticos,Cafeteira,350.0
292,12/03/032026,Sul,Carla,Eletrodomésticos,Geladeira,3800.0
292,12/03/032026,Sul,Carla,Cozinha,Jogo de Panelas,600.0
293,04/03/032026,Sul,Bruno,Móveis,Sofá 3 Lugares,2100.0
294,18/03/032026,Sul,Elena,Móveis,Cadeira Office,800.0
294,18/03/032026,Sul,Elena,Eletrônicos,Smartphone,2500.0
294,18/03/032026,Sul,Elena,Cozinha,Jogo de Panelas,600.0
295,01/03/032026,Sudeste,Carla,Eletrodomésticos,Cafeteira,350.0
295,01/03/032026,Sudeste,Carla,Acessórios,Teclado Mecânico,350.0
295,01/03/032026,Sudeste,Carla,Móveis,Cadeira Office,800.0
296,05/03/032026,Nordeste,Diego,Acessórios,Teclado Mecânico,350.0
296,05/03/032026,Nordeste,Diego,Eletrônicos,Notebook,4500.0
296,05/03/032026,Nordeste,Diego,Eletrodomésticos,Geladeira,3800.0
297,09/03/032026,Sudeste,Diego,Eletrodomésticos,Cafeteira,350.0
298,04/03/032026,Nordeste,Bruno,Eletrônicos,Tablet,1800.0
298,04/03/032026,Nordeste,Bruno,Acessórios,Capa Tablet,100.0
298,04/03/032026,Nordeste,Bruno,Móveis,Sofá 3 Lugares,2100.0
298,04/03/032026,Nordeste,Bruno,Eletrodomésticos,Cafeteira,350.0
299,15/03/032026,Nordeste,Bruno,Eletrônicos,Notebook,4500.0
299,15/03/032026,Nordeste,Bruno,Eletrônicos,Monitor 24,1200.0
300,19/03/032026,Nordeste,Ana,Móveis,Cadeira Office,800.0
300,19/03/032026,Nordeste,Ana,Acessórios,Mouse Gamer,150.0
